{
  "AAPL": 259.3699951171875,
  "AMD": 353.94970703125,
  "AMZN": 270.6199951171875,
  "ANET": 176.2449951171875,
  "ASML": 1515.2899169921875,
  "AVGO": 421.364990234375,
  "GOOGL": 385.30999755859375,
  "JPM": 329.19000244140625,
  "META": 653.0599975585938,
  "MSFT": 481.6300048828125,
  "NFLX": 89.45999908447266,
  "NVDA": 216.61000061035156,
  "SMCI": 34.380001068115234,
  "TSLA": 445.010009765625
}
