{
  "AAPL": 259.3699951171875,
  "AMD": 455.19000244140625,
  "AMZN": 275.25,
  "ANET": 176.2449951171875,
  "ASML": 1592.02001953125,
  "AVGO": 430.0,
  "GOOGL": 400.79998779296875,
  "JPM": 329.19000244140625,
  "META": 653.0599975585938,
  "MSFT": 481.6300048828125,
  "NFLX": 89.45999908447266,
  "NVDA": 217.61000061035156,
  "SMCI": 35.369998931884766,
  "TSLA": 445.010009765625
}
