{
  "AAPL": 259.3699951171875,
  "AMD": 259.67999267578125,
  "AMZN": 247.3800048828125,
  "ANET": 138.41000366210938,
  "ASML": 1395.0,
  "AVGO": 354.7950134277344,
  "GOOGL": 338.3854064941406,
  "JPM": 329.19000244140625,
  "META": 653.0599975585938,
  "MSFT": 479.2799987792969,
  "NFLX": 89.45999908447266,
  "NVDA": 187.6699981689453,
  "SMCI": 32.45000076293945,
  "TSLA": 445.010009765625
}
