{
  "AAPL": 259.3699951171875,
  "AMD": 221.7899932861328,
  "AMZN": 247.3800048828125,
  "ANET": 129.92999267578125,
  "ASML": 1278.989990234375,
  "AVGO": 354.7950134277344,
  "GOOGL": 338.3854064941406,
  "JPM": 329.19000244140625,
  "META": 653.0599975585938,
  "MSFT": 479.2799987792969,
  "NFLX": 89.45999908447266,
  "NVDA": 185.80999755859375,
  "SMCI": 30.15999984741211,
  "TSLA": 445.010009765625
}
