{
  "AAPL": 259.3699951171875,
  "AMD": 334.6300048828125,
  "AMZN": 261.1199951171875,
  "ANET": 172.86000061035156,
  "ASML": 1515.2899169921875,
  "AVGO": 418.20001220703125,
  "GOOGL": 350.3399963378906,
  "JPM": 329.19000244140625,
  "META": 653.0599975585938,
  "MSFT": 481.6300048828125,
  "NFLX": 89.45999908447266,
  "NVDA": 216.61000061035156,
  "SMCI": 34.380001068115234,
  "TSLA": 445.010009765625
}
