{
  "AAPL": 259.3699951171875,
  "AMD": 259.67999267578125,
  "AMZN": 247.3800048828125,
  "ANET": 150.14999389648438,
  "ASML": 1422.9200439453125,
  "AVGO": 354.7950134277344,
  "GOOGL": 338.3854064941406,
  "JPM": 329.19000244140625,
  "META": 653.0599975585938,
  "MSFT": 481.6300048828125,
  "NFLX": 89.45999908447266,
  "NVDA": 191.52000427246094,
  "SMCI": 32.45000076293945,
  "TSLA": 445.010009765625
}
