{
  "AAPL": 259.3699951171875,
  "AMD": 259.67999267578125,
  "AMZN": 248.27000427246094,
  "ANET": 153.41000366210938,
  "ASML": 1515.2899169921875,
  "AVGO": 380.3900146484375,
  "GOOGL": 343.5350036621094,
  "JPM": 329.19000244140625,
  "META": 653.0599975585938,
  "MSFT": 481.6300048828125,
  "NFLX": 89.45999908447266,
  "NVDA": 194.1300048828125,
  "SMCI": 34.380001068115234,
  "TSLA": 445.010009765625
}
