{
  "AAPL": 259.3699951171875,
  "AMD": 278.260009765625,
  "AMZN": 249.6999969482422,
  "ANET": 161.00999450683594,
  "ASML": 1515.2899169921875,
  "AVGO": 398.4700012207031,
  "GOOGL": 343.5350036621094,
  "JPM": 329.19000244140625,
  "META": 653.0599975585938,
  "MSFT": 481.6300048828125,
  "NFLX": 89.45999908447266,
  "NVDA": 199.97500610351562,
  "SMCI": 34.380001068115234,
  "TSLA": 445.010009765625
}
