{
  "AAPL": 259.3699951171875,
  "AMD": 284.489990234375,
  "AMZN": 249.91000366210938,
  "ANET": 172.86000061035156,
  "ASML": 1515.2899169921875,
  "AVGO": 402.1700134277344,
  "GOOGL": 343.5350036621094,
  "JPM": 329.19000244140625,
  "META": 653.0599975585938,
  "MSFT": 481.6300048828125,
  "NFLX": 89.45999908447266,
  "NVDA": 199.97500610351562,
  "SMCI": 34.380001068115234,
  "TSLA": 445.010009765625
}
