{
  "AAPL": 259.3699951171875,
  "AMD": 467.510009765625,
  "AMZN": 275.25,
  "ANET": 176.2449951171875,
  "ASML": 1632.9000244140625,
  "AVGO": 430.0,
  "GOOGL": 402.6199951171875,
  "JPM": 329.19000244140625,
  "META": 653.0599975585938,
  "MSFT": 481.6300048828125,
  "NFLX": 89.45999908447266,
  "NVDA": 227.14999389648438,
  "SMCI": 35.58000183105469,
  "TSLA": 445.010009765625
}
