{
  "AAPL": 259.3699951171875,
  "AMD": 259.67999267578125,
  "AMZN": 247.3800048828125,
  "ANET": 152.02000427246094,
  "ASML": 1500.199951171875,
  "AVGO": 379.75,
  "GOOGL": 343.5350036621094,
  "JPM": 329.19000244140625,
  "META": 653.0599975585938,
  "MSFT": 481.6300048828125,
  "NFLX": 89.45999908447266,
  "NVDA": 191.75999450683594,
  "SMCI": 34.380001068115234,
  "TSLA": 445.010009765625
}
