{
  "AAPL": 259.3699951171875,
  "AMD": 421.3900146484375,
  "AMZN": 275.25,
  "ANET": 176.2449951171875,
  "ASML": 1544.739990234375,
  "AVGO": 427.9700012207031,
  "GOOGL": 398.0400085449219,
  "JPM": 329.19000244140625,
  "META": 653.0599975585938,
  "MSFT": 481.6300048828125,
  "NFLX": 89.45999908447266,
  "NVDA": 216.61000061035156,
  "SMCI": 34.65999984741211,
  "TSLA": 445.010009765625
}
