{
  "AAPL": 259.3699951171875,
  "AMD": 203.1699981689453,
  "AMZN": 247.3800048828125,
  "ANET": 122.88999938964844,
  "ASML": 1273.8800048828125,
  "AVGO": 344.9700012207031,
  "GOOGL": 328.57000732421875,
  "JPM": 329.19000244140625,
  "META": 653.0599975585938,
  "MSFT": 479.2799987792969,
  "NFLX": 89.45999908447266,
  "NVDA": 184.86000061035156,
  "SMCI": 30.15999984741211,
  "TSLA": 445.010009765625
}
